{
  "version": "7",
  "dialect": "mysql",
  "entries": [
    {
      "idx": 0,
      "version": "5",
      "when": 1763510946161,
      "tag": "0000_cold_zemo",
      "breakpoints": true
    },
    {
      "idx": 1,
      "version": "5",
      "when": 1763511000731,
      "tag": "0001_modern_boomer",
      "breakpoints": true
    },
    {
      "idx": 2,
      "version": "5",
      "when": 1763590505166,
      "tag": "0002_young_black_widow",
      "breakpoints": true
    },
    {
      "idx": 3,
      "version": "5",
      "when": 1765147141884,
      "tag": "0003_breezy_the_hand",
      "breakpoints": true
    }
  ]
}